day,date,state.in_hospital.in,state.in_hospital.out,state.in_hospital.todate,state.in_hospital,state.deceased.hospital,state.deceased.hospital.todate,state.icu.in,state.icu.out,state.icu.todate,state.icu,state.critical.in,state.critical.out,state.critical.todate,state.critical,state.deceased.hospital.icu,state.deceased.hospital.icu.todate,state.deceased.home,state.deceased.home.todate,state.deceased,state.deceased.todate,state.out_of_hospital.todate,state.recovered,state.recovered.todate,state.iksk.in_hospital.in,state.iksk.in_hospital.out,state.iksk.in_hospital.todate,state.iksk.in_hospital,state.iksk.deceased,state.iksk.deceased.todate,state.iksk.icu.in,state.iksk.icu.out,state.iksk.icu.todate,state.iksk.icu,state.iksk.critical.in,state.iksk.critical.out,state.iksk.critical.todate,state.iksk.critical,state.iksk.deceased.icu,state.iksk.deceased.icu.todate,state.mksk.in_hospital.in,state.mksk.in_hospital.out,state.mksk.in_hospital.todate,state.mksk.in_hospital,state.mksk.deceased,state.mksk.deceased.todate,state.mksk.icu.in,state.mksk.icu.out,state.mksk.icu.todate,state.mksk.icu,state.mksk.critical.in,state.mksk.critical.out,state.mksk.critical.todate,state.mksk.critical,state.mksk.deceased.icu,state.mksk.deceased.icu.todate,state.kozle.in_hospital.in,state.kozle.in_hospital.out,state.kozle.in_hospital.todate,state.kozle.in_hospital,state.kozle.deceased,state.kozle.deceased.todate,state.kozle.icu.in,state.kozle.icu.out,state.kozle.icu.todate,state.kozle.icu,state.kozle.critical.in,state.kozle.critical.out,state.kozle.critical.todate,state.kozle.critical,state.kozle.deceased.icu,state.kozle.deceased.icu.todate,state.gob8sep.in_hospital.in,state.gob8sep.in_hospital.out,state.gob8sep.in_hospital.todate,state.gob8sep.in_hospital,state.gob8sep.deceased,state.gob8sep.deceased.todate,state.gob8sep.icu.in,state.gob8sep.icu.out,state.gob8sep.icu.todate,state.gob8sep.icu,state.gob8sep.critical.in,state.gob8sep.critical.out,state.gob8sep.critical.todate,state.gob8sep.critical,state.gob8sep.deceased.icu,state.gob8sep.deceased.icu.todate,state.bitola.in_hospital.in,state.bitola.in_hospital.out,state.bitola.in_hospital.todate,state.bitola.in_hospital,state.bitola.deceased,state.bitola.deceased.todate,state.bitola.icu.in,state.bitola.icu.out,state.bitola.icu.todate,state.bitola.icu,state.bitola.critical.in,state.bitola.critical.out,state.bitola.critical.todate,state.bitola.critical,state.bitola.deceased.icu,state.bitola.deceased.icu.todate,state.stip.in_hospital.in,state.stip.in_hospital.out,state.stip.in_hospital.todate,state.stip.in_hospital,state.stip.deceased,state.stip.deceased.todate,state.stip.icu.in,state.stip.icu.out,state.stip.icu.todate,state.stip.icu,state.stip.critical.in,state.stip.critical.out,state.stip.critical.todate,state.stip.critical,state.stip.deceased.icu,state.stip.deceased.icu.todate,state.infdrugi.in_hospital.in,state.infdrugi.in_hospital.out,state.infdrugi.in_hospital.todate,state.infdrugi.in_hospital,state.infdrugi.deceased,state.infdrugi.deceased.todate,state.infdrugi.icu.in,state.infdrugi.icu.out,state.infdrugi.icu.todate,state.infdrugi.icu,state.infdrugi.critical.in,state.infdrugi.critical.out,state.infdrugi.critical.todate,state.infdrugi.critical,state.infdrugi.deceased.icu,state.infdrugi.deceased.icu.todate
1,2020-03-04,,,,,,,,,,,,,,,,,,,,,,,,,,,,,,,,,,,,,,,,,,,,,,,,,,,,,,,,,,,,,,,,,,,,,,,,,,,,,,,,,,,,,,,,,,,,,,,,,,,,,,,,,,,,,,,,,,,,,,,,,,,,,,,,,,,,,,,
2,2020-03-05,,,,,,,,,,,,,,,,,,,,,,,,,,,,,,,,,,,,,,,,,,,,,,,,,,,,,,,,,,,,,,,,,,,,,,,,,,,,,,,,,,,,,,,,,,,,,,,,,,,,,,,,,,,,,,,,,,,,,,,,,,,,,,,,,,,,,,,
3,2020-03-06,,,,,,,,,,,,,,,,,,,,,,,,,,,,,,,,,,,,,,,,,,,,,,,,,,,,,,,,,,,,,,,,,,,,,,,,,,,,,,,,,,,,,,,,,,,,,,,,,,,,,,,,,,,,,,,,,,,,,,,,,,,,,,,,,,,,,,,
4,2020-03-07,,,,,,,,,,,,,,,,,,,,,,,,,,,,,,,,,,,,,,,,,,,,,,,,,,,,,,,,,,,,,,,,,,,,,,,,,,,,,,,,,,,,,,,,,,,,,,,,,,,,,,,,,,,,,,,,,,,,,,,,,,,,,,,,,,,,,,,
5,2020-03-08,,,,,,,,,,,,,,,,,,,,,,,,,,,,,,,,,,,,,,,,,,,,,,,,,,,,,,,,,,,,,,,,,,,,,,,,,,,,,,,,,,,,,,,,,,,,,,,,,,,,,,,,,,,,,,,,,,,,,,,,,,,,,,,,,,,,,,,
6,2020-03-09,,,,,,,,,,,,,,,,,,,,,,,,,,,,,,,,,,,,,,,,,,,,,,,,,,,,,,,,,,,,,,,,,,,,,,,,,,,,,,,,,,,,,,,,,,,,,,,,,,,,,,,,,,,,,,,,,,,,,,,,,,,,,,,,,,,,,,,
7,2020-03-10,0,0,,0,0,0,0,0,0,0,0,0,0,0,0,0,,0,0,0,0,,,,,,,,,,,,,,,,,,,,,,,,,,,,,,,,,,,,,,,,,,,,,,,,,,,,,,,,,,,,,,,,,,,,,,,,,,,,,,,,,,,,,,,,,,,,,,,,,,,,,,,,,,,,,,,,,,
8,2020-03-11,0,0,,0,0,0,0,0,0,0,0,0,0,0,0,0,,0,0,0,0,,,,,,,,,,,,,,,,,,,,,,,,,,,,,,,,,,,,,,,,,,,,,,,,,,,,,,,,,,,,,,,,,,,,,,,,,,,,,,,,,,,,,,,,,,,,,,,,,,,,,,,,,,,,,,,,,,
9,2020-03-12,0,0,,0,0,0,0,0,0,0,0,0,0,0,0,0,,0,0,0,0,,,,,,,,,,,,,,,,,,,,,,,,,,,,,,,,,,,,,,,,,,,,,,,,,,,,,,,,,,,,,,,,,,,,,,,,,,,,,,,,,,,,,,,,,,,,,,,,,,,,,,,,,,,,,,,,,,
10,2020-03-13,0,0,,0,0,0,0,0,0,0,0,0,0,0,0,0,,0,0,0,0,,,,,,,,,,,,,,,,,,,,,,,,,,,,,,,,,,,,,,,,,,,,,,,,,,,,,,,,,,,,,,,,,,,,,,,,,,,,,,,,,,,,,,,,,,,,,,,,,,,,,,,,,,,,,,,,,,
11,2020-03-14,0,0,,0,0,0,0,0,0,0,0,0,0,0,0,0,,0,0,0,0,,,,,,,,,,,,,,,,,,,,,,,,,,,,,,,,,,,,,,,,,,,,,,,,,,,,,,,,,,,,,,,,,,,,,,,,,,,,,,,,,,,,,,,,,,,,,,,,,,,,,,,,,,,,,,,,,,
12,2020-03-15,0,0,,0,0,0,0,0,0,0,0,0,0,0,0,0,,0,0,0,0,,,,,,,,,,,,,,,,,,,,,,,,,,,,,,,,,,,,,,,,,,,,,,,,,,,,,,,,,,,,,,,,,,,,,,,,,,,,,,,,,,,,,,,,,,,,,,,,,,,,,,,,,,,,,,,,,,
13,2020-03-16,0,0,,0,0,0,0,0,0,0,0,0,0,0,0,0,,0,0,0,0,,,,,,,,,,,,,,,,,,,,,,,,,,,,,,,,,,,,,,,,,,,,,,,,,,,,,,,,,,,,,,,,,,,,,,,,,,,,,,,,,,,,,,,,,,,,,,,,,,,,,,,,,,,,,,,,,,
14,2020-03-17,0,0,17,0,0,0,0,0,0,0,0,0,0,0,0,0,,0,0,0,0,,,,,,,,,,,,,,,,,,,,,,,,,,,,,,,,,,,,,,,,,,,,,,,,,,,,,,,,,,,,,,,,,,,,,,,,,,,,,,,,,,,,,,,,,,,,,,,,,,,,,,,,,,,,,,,,,,
15,2020-03-18,0,0,19,0,0,0,0,0,0,0,0,0,0,0,0,0,,0,0,0,0,,,,,,,,,,,,,,,,,,,,,,,,,,,,,,,,,,,,,,,,,,,,,,,,,,,,,,,,,,,,,,,,,,,,,,,,,,,,,,,,,,,,,,,,,,,,,,,,,,,,,,,,,,,,,,,,,,
16,2020-03-19,0,0,21,0,0,0,0,0,0,0,0,0,0,0,0,0,,0,0,0,0,0,0,,,,,,,,,,,,,,,,,,,,,,,,,,,,,,,,,,,,,,,,,,,,,,,,,,,,,,,,,,,,,,,,,,,,,,,,,,,,,,,,,,,,,,,,,,,,,,,,,,,,,,,,,,,,,,,,
17,2020-03-20,0,0,23,0,0,0,0,0,0,0,0,0,0,0,0,0,,0,0,0,0,0,0,,,,,,,,,,,,,,,,,,,,,,,,,,,,,,,,,,,,,,,,,,,,,,,,,,,,,,,,,,,,,,,,,,,,,,,,,,,,,,,,,,,,,,,,,,,,,,,,,,,,,,,,,,,,,,,,
18,2020-03-21,0,0,25,0,0,0,0,0,0,0,0,0,0,0,0,0,,0,0,0,0,0,0,,,,,,,,,,,,,,,,,,,,,,,,,,,,,,,,,,,,,,,,,,,,,,,,,,,,,,,,,,,,,,,,,,,,,,,,,,,,,,,,,,,,,,,,,,,,,,,,,,,,,,,,,,,,,,,,
19,2020-03-22,0,0,28,0,0,0,0,0,0,0,0,0,0,0,0,0,,0,2,2,0,0,0,,,,,,,,,,,,,,,,,,,,,,,,,,,,,,,,,,,,,,,,,,,,,,,,,,,,,,,,,,,,,,,,,,,,,,,,,,,,,,,,,,,,,,,,,,,,,,,,,,,,,,,,,,,,,,,,
20,2020-03-23,0,0,32,0,0,0,0,0,0,0,0,0,0,0,0,0,,0,0,2,0,0,0,,,,,,,,,,,,,,,,,,,,,,,,,,,,,,,,,,,,,,,,,,,,,,,,,,,,,,,,,,,,,,,,,,,,,,,,,,,,,,,,,,,,,,,,,,,,,,,,,,,,,,,,,,,,,,,,
21,2020-03-24,0,0,43,0,0,0,0,0,0,0,0,0,0,0,0,0,,0,0,2,0,0,0,,,,,,,,,,,,,,,,,,,,,,,,,,,,,,,,,,,,,,,,,,,,,,,,,,,,,,,,,,,,,,,,,,,,,,,,,,,,,,,,,,,,,,,,,,,,,,,,,,,,,,,,,,,,,,,,
22,2020-03-25,0,0,44,0,0,0,0,0,0,0,0,0,0,0,0,0,,0,1,3,0,0,0,,,,,,,,,,,,,,,,,,,,,,,,,,,,,,,,,,,,,,,,,,,,,,,,,,,,,,,,,,,,,,,,,,,,,,,,,,,,,,,,,,,,,,,,,,,,,,,,,,,,,,,,,,,,,,,,
23,2020-03-26,0,0,48,0,0,0,0,0,0,0,0,0,0,0,0,0,,0,0,3,0,0,0,,,,,,,,,,,,,,,,,,,,,,,,,,,,,,,,,,,,,,,,,,,,,,,,,,,,,,,,,,,,,,,,,,,,,,,,,,,,,,,,,,,,,,,,,,,,,,,,,,,,,,,,,,,,,,,,
24,2020-03-27,0,0,53,0,0,0,0,0,0,0,0,0,0,0,0,0,,0,1,4,0,0,0,,,,,,,,,,,,,,,,,,,,,,,,,,,,,,,,,,,,,,,,,,,,,,,,,,,,,,,,,,,,,,,,,,,,,,,,,,,,,,,,,,,,,,,,,,,,,,,,,,,,,,,,,,,,,,,,
25,2020-03-28,0,0,62,0,0,0,0,0,0,0,0,0,0,0,0,0,,0,0,4,0,0,0,,,,,,,,,,,,,,,,,,,,,,,,,,,,,,,,,,,,,,,,,,,,,,,,,,,,,,,,,,,,,,,,,,,,,,,,,,,,,,,,,,,,,,,,,,,,,,,,,,,,,,,,,,,,,,,,
26,2020-03-29,0,0,67,0,0,0,0,0,0,0,0,0,0,0,0,0,,0,3,7,0,0,0,,,,,,,,,,,,,,,,,,,,,,,,,,,,,,,,,,,,,,,,,,,,,,,,,,,,,,,,,,,,,,,,,,,,,,,,,,,,,,,,,,,,,,,,,,,,,,,,,,,,,,,,,,,,,,,,
27,2020-03-30,0,0,80,0,0,0,0,0,0,0,0,0,0,0,0,0,,0,2,9,0,0,0,,,,,,,,,,,,,,,,,,,,,,,,,,,,,,,,,,,,,,,,,,,,,,,,,,,,,,,,,,,,,,,,,,,,,,,,,,,,,,,,,,,,,,,,,,,,,,,,,,,,,,,,,,,,,,,,
28,2020-03-31,0,0,86,0,0,0,0,0,0,0,0,0,0,0,0,0,,0,2,11,0,0,0,,,,,,,,,,,,,,,,,,,,,,,,,,,,,,,,,,,,,,,,,,,,,,,,,,,,,,,,,,,,,,,,,,,,,,,,,,,,,,,,,,,,,,,,,,,,,,,,,,,,,,,,,,,,,,,,
29,2020-04-01,0,0,90,0,0,0,0,0,0,0,0,0,0,0,0,0,,0,0,11,0,0,0,,,,,,,,,,,,,,,,,,,,,,,,,,,,,,,,,,,,,,,,,,,,,,,,,,,,,,,,,,,,,,,,,,,,,,,,,,,,,,,,,,,,,,,,,,,,,,,,,,,,,,,,,,,,,,,,
30,2020-04-02,0,0,98,0,0,0,0,0,0,0,0,0,0,0,0,0,,0,1,12,0,0,0,,,,,,,,,,,,,,,,,,,,,,,,,,,,,,,,,,,,,,,,,,,,,,,,,,,,,,,,,,,,,,,,,,,,,,,,,,,,,,,,,,,,,,,,,,,,,,,,,,,,,,,,,,,,,,,,
31,2020-04-03,0,0,103,0,0,0,0,0,0,0,0,0,0,0,0,0,,0,5,17,0,0,0,,,,,,,,,,,,,,,,,,,,,,,,,,,,,,,,,,,,,,,,,,,,,,,,,,,,,,,,,,,,,,,,,,,,,,,,,,,,,,,,,,,,,,,,,,,,,,,,,,,,,,,,,,,,,,,,
32,2020-04-04,0,0,128,0,0,0,0,0,0,0,0,0,0,0,0,0,,0,1,18,0,0,0,,,,,,,,,,,,,,,,,,,,,,,,,,,,,,,,,,,,,,,,,,,,,,,,,,,,,,,,,,,,,,,,,,,,,,,,,,,,,,,,,,,,,,,,,,,,,,,,,,,,,,,,,,,,,,,,
33,2020-04-05,0,0,131,0,0,0,0,0,0,0,0,0,0,0,0,0,,0,3,21,0,0,0,,,,,,,,,,,,,,,,,,,,,,,,,,,,,,,,,,,,,,,,,,,,,,,,,,,,,,,,,,,,,,,,,,,,,,,,,,,,,,,,,,,,,,,,,,,,,,,,,,,,,,,,,,,,,,,,
34,2020-04-06,0,0,134,0,0,0,0,0,0,0,0,0,0,0,0,0,,0,6,27,0,0,0,,,,,,,,,,,,,,,,,,,,,,,,,,,,,,,,,,,,,,,,,,,,,,,,,,,,,,,,,,,,,,,,,,,,,,,,,,,,,,,,,,,,,,,,,,,,,,,,,,,,,,,,,,,,,,,,
35,2020-04-07,0,0,140,0,0,0,0,0,0,0,0,0,0,0,0,0,,0,2,29,0,0,0,,,,,,,,,,,,,,,,,,,,,,,,,,,,,,,,,,,,,,,,,,,,,,,,,,,,,,,,,,,,,,,,,,,,,,,,,,,,,,,,,,,,,,,,,,,,,,,,,,,,,,,,,,,,,,,,
36,2020-04-08,0,0,145,0,0,0,0,0,0,0,0,0,0,0,0,0,,0,1,30,0,0,0,,,,,,,,,,,,,,,,,,,,,,,,,,,,,,,,,,,,,,,,,,,,,,,,,,,,,,,,,,,,,,,,,,,,,,,,,,,,,,,,,,,,,,,,,,,,,,,,,,,,,,,,,,,,,,,,
37,2020-04-09,0,0,155,0,0,0,0,0,0,0,0,0,0,0,0,0,,0,2,32,0,0,0,,,,,,,,,,,,,,,,,,,,,,,,,,,,,,,,,,,,,,,,,,,,,,,,,,,,,,,,,,,,,,,,,,,,,,,,,,,,,,,,,,,,,,,,,,,,,,,,,,,,,,,,,,,,,,,,
38,2020-04-10,0,0,167,0,0,0,0,0,0,0,0,0,0,0,0,0,,0,2,34,0,0,0,,,,,,,,,,,,,,,,,,,,,,,,,,,,,,,,,,,,,,,,,,,,,,,,,,,,,,,,,,,,,,,,,,,,,,,,,,,,,,,,,,,,,,,,,,,,,,,,,,,,,,,,,,,,,,,,
39,2020-04-11,0,0,178,0,0,0,0,0,0,0,0,0,0,0,0,0,,0,0,34,0,0,0,,,,,,,,,,,,,,,,,,,,,,,,,,,,,,,,,,,,,,,,,,,,,,,,,,,,,,,,,,,,,,,,,,,,,,,,,,,,,,,,,,,,,,,,,,,,,,,,,,,,,,,,,,,,,,,,
40,2020-04-12,0,0,185,0,0,0,0,0,0,0,0,0,0,0,0,0,,0,4,38,0,0,0,,,,,,,,,,,,,,,,,,,,,,,,,,,,,,,,,,,,,,,,,,,,,,,,,,,,,,,,,,,,,,,,,,,,,,,,,,,,,,,,,,,,,,,,,,,,,,,,,,,,,,,,,,,,,,,,
41,2020-04-13,0,0,189,0,0,0,0,0,0,0,0,0,0,0,0,0,,0,6,44,0,0,0,,,,,,,,,,,,,,,,,,,,,,,,,,,,,,,,,,,,,,,,,,,,,,,,,,,,,,,,,,,,,,,,,,,,,,,,,,,,,,,,,,,,,,,,,,,,,,,,,,,,,,,,,,,,,,,,
42,2020-04-14,0,0,201,0,0,0,0,0,0,0,0,0,0,0,0,0,,0,1,45,0,0,0,,,,,,,,,,,,,,,,,,,,,,,,,,,,,,,,,,,,,,,,,,,,,,,,,,,,,,,,,,,,,,,,,,,,,,,,,,,,,,,,,,,,,,,,,,,,,,,,,,,,,,,,,,,,,,,,
43,2020-04-15,0,0,249,0,0,0,0,0,0,0,0,0,0,0,0,0,,0,1,46,0,0,0,,,,,,,,,,,,,,,,,,,,,,,,,,,,,,,,,,,,,,,,,,,,,,,,,,,,,,,,,,,,,,,,,,,,,,,,,,,,,,,,,,,,,,,,,,,,,,,,,,,,,,,,,,,,,,,,
44,2020-04-16,0,0,256,0,0,0,0,0,0,0,0,0,0,0,0,0,,0,3,49,0,0,0,,,,,,,,,,,,,,,,,,,,,,,,,,,,,,,,,,,,,,,,,,,,,,,,,,,,,,,,,,,,,,,,,,,,,,,,,,,,,,,,,,,,,,,,,,,,,,,,,,,,,,,,,,,,,,,,
45,2020-04-17,0,0,259,0,0,0,0,0,0,0,0,0,0,0,0,0,,0,0,49,0,0,0,,,,,,,,,,,,,,,,,,,,,,,,,,,,,,,,,,,,,,,,,,,,,,,,,,,,,,,,,,,,,,,,,,,,,,,,,,,,,,,,,,,,,,,,,,,,,,,,,,,,,,,,,,,,,,,,
46,2020-04-18,0,0,262,0,0,0,0,0,0,0,0,0,0,0,0,0,,0,2,51,0,0,0,,,,,,,,,,,,,,,,,,,,,,,,,,,,,,,,,,,,,,,,,,,,,,,,,,,,,,,,,,,,,,,,,,,,,,,,,,,,,,,,,,,,,,,,,,,,,,,,,,,,,,,,,,,,,,,,
47,2020-04-19,0,0,265,0,0,0,0,0,0,0,0,0,0,0,0,0,,0,3,54,0,0,0,,,,,,,,,,,,,,,,,,,,,,,,,,,,,,,,,,,,,,,,,,,,,,,,,,,,,,,,,,,,,,,,,,,,,,,,,,,,,,,,,,,,,,,,,,,,,,,,,,,,,,,,,,,,,,,,
48,2020-04-20,0,0,266,0,0,0,0,0,0,0,0,0,0,0,0,0,,0,1,55,0,0,0,,,,,,,,,,,,,,,,,,,,,,,,,,,,,,,,,,,,,,,,,,,,,,,,,,,,,,,,,,,,,,,,,,,,,,,,,,,,,,,,,,,,,,,,,,,,,,,,,,,,,,,,,,,,,,,,
49,2020-04-21,0,0,272,0,0,0,0,0,0,0,0,0,0,0,0,0,,0,1,56,0,0,0,,,,,,,,,,,,,,,,,,,,,,,,,,,,,,,,,,,,,,,,,,,,,,,,,,,,,,,,,,,,,,,,,,,,,,,,,,,,,,,,,,,,,,,,,,,,,,,,,,,,,,,,,,,,,,,,
50,2020-04-22,0,0,278,0,0,0,0,0,0,0,0,0,0,0,0,0,,0,0,56,0,0,0,,,,,,,,,,,,,,,,,,,,,,,,,,,,,,,,,,,,,,,,,,,,,,,,,,,,,,,,,,,,,,,,,,,,,,,,,,,,,,,,,,,,,,,,,,,,,,,,,,,,,,,,,,,,,,,,
51,2020-04-23,0,0,282,0,0,0,0,0,0,0,0,0,0,0,0,0,,0,1,57,0,0,0,,,,,,,,,,,,,,,,,,,,,,,,,,,,,,,,,,,,,,,,,,,,,,,,,,,,,,,,,,,,,,,,,,,,,,,,,,,,,,,,,,,,,,,,,,,,,,,,,,,,,,,,,,,,,,,,
52,2020-04-24,0,0,292,0,0,0,0,0,0,0,0,0,0,0,0,0,,0,2,59,0,0,0,,,,,,,,,,,,,,,,,,,,,,,,,,,,,,,,,,,,,,,,,,,,,,,,,,,,,,,,,,,,,,,,,,,,,,,,,,,,,,,,,,,,,,,,,,,,,,,,,,,,,,,,,,,,,,,,
53,2020-04-25,0,0,314,0,0,0,0,0,0,0,0,0,0,0,0,0,,0,2,61,0,0,0,,,,,,,,,,,,,,,,,,,,,,,,,,,,,,,,,,,,,,,,,,,,,,,,,,,,,,,,,,,,,,,,,,,,,,,,,,,,,,,,,,,,,,,,,,,,,,,,,,,,,,,,,,,,,,,,
54,2020-04-26,0,0,320,0,0,0,0,0,0,0,0,0,0,0,0,0,,0,4,65,0,0,0,,,,,,,,,,,,,,,,,,,,,,,,,,,,,,,,,,,,,,,,,,,,,,,,,,,,,,,,,,,,,,,,,,,,,,,,,,,,,,,,,,,,,,,,,,,,,,,,,,,,,,,,,,,,,,,,
55,2020-04-27,0,0,326,0,0,0,0,0,0,0,0,0,0,0,0,0,,0,6,71,0,0,0,,,,,,,,,,,,,,,,,,,,,,,,,,,,,,,,,,,,,,,,,,,,,,,,,,,,,,,,,,,,,,,,,,,,,,,,,,,,,,,,,,,,,,,,,,,,,,,,,,,,,,,,,,,,,,,,
56,2020-04-28,0,0,331,0,0,0,0,0,0,0,0,0,0,0,0,0,,0,2,73,0,0,0,,,,,,,,,,,,,,,,,,,,,,,,,,,,,,,,,,,,,,,,,,,,,,,,,,,,,,,,,,,,,,,,,,,,,,,,,,,,,,,,,,,,,,,,,,,,,,,,,,,,,,,,,,,,,,,,
57,2020-04-29,0,0,333,0,0,0,0,0,0,0,0,0,0,0,0,0,,0,4,77,0,0,0,,,,,,,,,,,,,,,,,,,,,,,,,,,,,,,,,,,,,,,,,,,,,,,,,,,,,,,,,,,,,,,,,,,,,,,,,,,,,,,,,,,,,,,,,,,,,,,,,,,,,,,,,,,,,,,,
58,2020-04-30,0,0,337,0,0,0,0,0,0,0,0,0,0,0,0,0,,0,4,81,0,0,0,,,,,,,,,,,,,,,,,,,,,,,,,,,,,,,,,,,,,,,,,,,,,,,,,,,,,,,,,,,,,,,,,,,,,,,,,,,,,,,,,,,,,,,,,,,,,,,,,,,,,,,,,,,,,,,,
59,2020-05-01,0,0,340,0,0,0,0,0,0,0,0,0,0,0,0,0,,0,1,82,0,0,0,,,,,,,,,,,,,,,,,,,,,,,,,,,,,,,,,,,,,,,,,,,,,,,,,,,,,,,,,,,,,,,,,,,,,,,,,,,,,,,,,,,,,,,,,,,,,,,,,,,,,,,,,,,,,,,,
60,2020-05-02,0,0,343,0,0,0,0,0,0,0,0,0,0,0,0,0,,0,2,84,0,0,0,,,,,,,,,,,,,,,,,,,,,,,,,,,,,,,,,,,,,,,,,,,,,,,,,,,,,,,,,,,,,,,,,,,,,,,,,,,,,,,,,,,,,,,,,,,,,,,,,,,,,,,,,,,,,,,,
61,2020-05-03,0,0,345,0,0,0,0,0,0,0,0,0,0,0,0,0,,0,1,85,0,0,0,,,,,,,,,,,,,,,,,,,,,,,,,,,,,,,,,,,,,,,,,,,,,,,,,,,,,,,,,,,,,,,,,,,,,,,,,,,,,,,,,,,,,,,,,,,,,,,,,,,,,,,,,,,,,,,,
62,2020-05-04,0,0,352,0,0,0,0,0,0,0,0,0,0,0,0,0,,0,1,86,0,0,0,,,,,,,,,,,,,,,,,,,,,,,,,,,,,,,,,,,,,,,,,,,,,,,,,,,,,,,,,,,,,,,,,,,,,,,,,,,,,,,,,,,,,,,,,,,,,,,,,,,,,,,,,,,,,,,,
63,2020-05-05,0,0,357,0,0,0,0,0,0,0,0,0,0,0,0,0,,0,2,88,0,0,0,,,,,,,,,,,,,,,,,,,,,,,,,,,,,,,,,,,,,,,,,,,,,,,,,,,,,,,,,,,,,,,,,,,,,,,,,,,,,,,,,,,,,,,,,,,,,,,,,,,,,,,,,,,,,,,,
64,2020-05-06,0,0,365,0,0,0,0,0,0,0,0,0,0,0,0,0,,0,1,89,0,0,0,,,,,,,,,,,,,,,,,,,,,,,,,,,,,,,,,,,,,,,,,,,,,,,,,,,,,,,,,,,,,,,,,,,,,,,,,,,,,,,,,,,,,,,,,,,,,,,,,,,,,,,,,,,,,,,,
65,2020-05-07,0,0,379,0,0,0,0,0,0,0,0,0,0,0,0,0,,0,1,90,0,0,0,,,,,,,,,,,,,,,,,,,,,,,,,,,,,,,,,,,,,,,,,,,,,,,,,,,,,,,,,,,,,,,,,,,,,,,,,,,,,,,,,,,,,,,,,,,,,,,,,,,,,,,,,,,,,,,,
66,2020-05-08,0,0,390,0,0,0,0,0,0,0,0,0,0,0,0,0,,0,1,91,0,0,0,,,,,,,,,,,,,,,,,,,,,,,,,,,,,,,,,,,,,,,,,,,,,,,,,,,,,,,,,,,,,,,,,,,,,,,,,,,,,,,,,,,,,,,,,,,,,,,,,,,,,,,,,,,,,,,,
67,2020-05-09,0,0,396,0,0,0,0,0,0,0,0,0,0,0,0,0,,0,0,91,0,0,0,,,,,,,,,,,,,,,,,,,,,,,,,,,,,,,,,,,,,,,,,,,,,,,,,,,,,,,,,,,,,,,,,,,,,,,,,,,,,,,,,,,,,,,,,,,,,,,,,,,,,,,,,,,,,,,,
68,2020-05-10,0,0,396,0,0,0,0,0,0,0,0,0,0,0,0,0,,0,0,91,0,0,0,,,,,,,,,,,,,,,,,,,,,,,,,,,,,,,,,,,,,,,,,,,,,,,,,,,,,,,,,,,,,,,,,,,,,,,,,,,,,,,,,,,,,,,,,,,,,,,,,,,,,,,,,,,,,,,,
69,2020-05-11,0,0,399,0,0,0,0,0,0,0,0,0,0,0,0,0,,0,1,92,0,0,0,,,,,,,,,,,,,,,,,,,,,,,,,,,,,,,,,,,,,,,,,,,,,,,,,,,,,,,,,,,,,,,,,,,,,,,,,,,,,,,,,,,,,,,,,,,,,,,,,,,,,,,,,,,,,,,,
70,2020-05-12,0,0,419,0,0,0,0,0,0,0,0,0,0,0,0,0,,0,3,95,0,0,0,,,,,,,,,,,,,,,,,,,,,,,,,,,,,,,,,,,,,,,,,,,,,,,,,,,,,,,,,,,,,,,,,,,,,,,,,,,,,,,,,,,,,,,,,,,,,,,,,,,,,,,,,,,,,,,,
71,2020-05-13,0,0,428,0,0,0,0,0,0,0,0,0,0,0,0,0,,0,0,95,0,0,0,,,,,,,,,,,,,,,,,,,,,,,,,,,,,,,,,,,,,,,,,,,,,,,,,,,,,,,,,,,,,,,,,,,,,,,,,,,,,,,,,,,,,,,,,,,,,,,,,,,,,,,,,,,,,,,,
72,2020-05-14,0,0,441,0,0,0,0,0,0,0,0,0,0,0,0,0,,0,2,97,0,0,0,,,,,,,,,,,,,,,,,,,,,,,,,,,,,,,,,,,,,,,,,,,,,,,,,,,,,,,,,,,,,,,,,,,,,,,,,,,,,,,,,,,,,,,,,,,,,,,,,,,,,,,,,,,,,,,,
73,2020-05-15,0,0,445,0,0,0,0,0,0,0,0,0,0,0,0,0,,0,1,98,0,0,0,,,,,,,,,,,,,,,,,,,,,,,,,,,,,,,,,,,,,,,,,,,,,,,,,,,,,,,,,,,,,,,,,,,,,,,,,,,,,,,,,,,,,,,,,,,,,,,,,,,,,,,,,,,,,,,,
74,2020-05-16,0,0,452,0,0,0,0,0,0,0,0,0,0,0,0,0,,0,3,101,0,0,0,,,,,,,,,,,,,,,,,,,,,,,,,,,,,,,,,,,,,,,,,,,,,,,,,,,,,,,,,,,,,,,,,,,,,,,,,,,,,,,,,,,,,,,,,,,,,,,,,,,,,,,,,,,,,,,,
75,2020-05-17,0,0,456,0,0,0,0,0,0,0,0,0,0,0,0,0,,0,3,104,0,0,0,,,,,,,,,,,,,,,,,,,,,,,,,,,,,,,,,,,,,,,,,,,,,,,,,,,,,,,,,,,,,,,,,,,,,,,,,,,,,,,,,,,,,,,,,,,,,,,,,,,,,,,,,,,,,,,,
76,2020-05-18,0,0,469,0,0,0,0,0,0,0,0,0,0,0,0,0,,0,2,106,0,0,0,,,,,,,,,,,,,,,,,,,,,,,,,,,,,,,,,,,,,,,,,,,,,,,,,,,,,,,,,,,,,,,,,,,,,,,,,,,,,,,,,,,,,,,,,,,,,,,,,,,,,,,,,,,,,,,,
77,2020-05-19,0,0,477,0,0,0,0,0,0,0,0,0,0,0,0,0,,0,4,110,0,0,0,,,,,,,,,,,,,,,,,,,,,,,,,,,,,,,,,,,,,,,,,,,,,,,,,,,,,,,,,,,,,,,,,,,,,,,,,,,,,,,,,,,,,,,,,,,,,,,,,,,,,,,,,,,,,,,,
78,2020-05-20,0,0,488,0,0,0,0,0,0,0,0,0,0,0,0,0,,0,1,111,0,0,0,,,,,,,,,,,,,,,,,,,,,,,,,,,,,,,,,,,,,,,,,,,,,,,,,,,,,,,,,,,,,,,,,,,,,,,,,,,,,,,,,,,,,,,,,,,,,,,,,,,,,,,,,,,,,,,,
79,2020-05-21,0,0,501,0,0,0,0,0,0,0,0,0,0,0,0,0,,0,1,112,0,0,0,,,,,,,,,,,,,,,,,,,,,,,,,,,,,,,,,,,,,,,,,,,,,,,,,,,,,,,,,,,,,,,,,,,,,,,,,,,,,,,,,,,,,,,,,,,,,,,,,,,,,,,,,,,,,,,,
80,2020-05-22,0,0,505,0,0,0,0,0,0,0,0,0,0,0,0,0,,0,1,113,0,0,0,,,,,,,,,,,,,,,,,,,,,,,,,,,,,,,,,,,,,,,,,,,,,,,,,,,,,,,,,,,,,,,,,,,,,,,,,,,,,,,,,,,,,,,,,,,,,,,,,,,,,,,,,,,,,,,,
81,2020-05-23,0,0,512,0,0,0,0,0,0,0,0,0,0,0,0,0,,0,0,113,0,0,0,,,,,,,,,,,,,,,,,,,,,,,,,,,,,,,,,,,,,,,,,,,,,,,,,,,,,,,,,,,,,,,,,,,,,,,,,,,,,,,,,,,,,,,,,,,,,,,,,,,,,,,,,,,,,,,,
82,2020-05-24,0,0,519,0,0,0,0,0,0,0,0,0,0,0,0,0,,0,0,113,0,0,0,,,,,,,,,,,,,,,,,,,,,,,,,,,,,,,,,,,,,,,,,,,,,,,,,,,,,,,,,,,,,,,,,,,,,,,,,,,,,,,,,,,,,,,,,,,,,,,,,,,,,,,,,,,,,,,,
83,2020-05-25,8,0,523,128,0,0,0,0,0,10,0,0,0,10,0,0,,0,3,116,0,0,0,3,,,56,,,,,,3,,,,3,,,,,,,,,,,,,,,,,,,,,,,,,,,,,,,,,,,5,,,22,,,,,,7,,,,7,,,,,,4,,,,,,,,,,,,,,,,5,,,,,,,,,,,,,,,,41,,,,,,,,,,,,
84,2020-05-26,7,8,540,127,0,0,0,0,0,7,0,0,0,7,0,0,,0,3,119,8,0,0,0,,,50,,,,,,1,,,,1,,,,,,,,,,,,,,,,,,,,,,,,,,,,,,,,,,,7,,,26,,,,,,6,,,,6,,,,,,4,,,,,,,,,,,,,,,,7,,,,,,,,,,,,,,,,40,,,,,,,,,,,,
85,2020-05-27,12,11,548,128,0,0,0,0,0,7,0,0,0,7,0,0,,0,3,122,19,0,0,3,,,47,,,,,,1,,,,1,,,,,,,,,,,,,,,,,,,,,,,,,,,,,,,,,,,9,,,29,,,,,,6,,,,6,,,,,,5,,,,,,,,,,,,,,,,9,,,,,,,,,,,,,,,,38,,,,,,,,,,,,
86,2020-05-28,7,17,557,118,0,0,0,0,0,7,0,0,0,7,0,0,,0,4,126,36,0,0,1,,,43,,,,,,1,,,,1,,,,,,,,,,,,,,,,,,,,,,,,,,,,,,,,,,,6,,,28,,,,,,6,,,,6,,,,,,6,,,,,,,,,,,,,,,,11,,,,,,,,,,,,,,,,30,,,,,,,,,,,,
87,2020-05-29,0,0,564,0,0,0,0,0,0,0,0,0,0,0,0,0,,0,5,131,36,0,0,,,,,,,,,,,,,,,,,,,,,,,,,,,,,,,,,,,,,,,,,,,,,,,,,,,,,,,,,,,,,,,,,,,,,,,,,,,,,,,,,,,,,,,,,,,,,,,,,,,,,,,,,,,,,,,,
88,2020-05-30,0,0,574,0,0,0,0,0,0,0,0,0,0,0,0,0,,0,2,133,36,0,0,,,,,,,,,,,,,,,,,,,,,,,,,,,,,,,,,,,,,,,,,,,,,,,,,,,,,,,,,,,,,,,,,,,,,,,,,,,,,,,,,,,,,,,,,,,,,,,,,,,,,,,,,,,,,,,,
89,2020-05-31,7,0,582,122,0,0,0,0,0,3,0,0,0,3,0,0,,0,7,140,36,0,0,2,,,45,,,,,,0,,,,0,,,,,,,,,,,,,,,,,,,,,,,,,,,,,,,,,,,5,,,30,,,,,,3,,,,3,,,,,,5,,,,,,,,,,,,,,,,15,,,,,,,,,,,,,,,,27,,,,,,,,,,,,
90,2020-06-01,15,18,587,119,0,0,0,0,0,6,0,0,0,6,0,0,,0,1,141,54,0,0,6,,,40,,,,,,0,,,,0,,,,,,,,,,,,,,,,,,,,,,,,,,,,,,,,,,,9,,,31,,,,,,6,,,,6,,,,,,7,,,,,,,,,,,,,,,,14,,,,,,,,,,,,,,,,27,,,,,,,,,,,,
91,2020-06-02,26,11,597,134,0,0,0,0,0,6,0,0,0,6,0,0,,0,4,145,65,0,0,10,,,49,,,,,,0,,,,0,,,,,,,,,,,,,,,,,,,,,,,,,,,,,,,,,,,16,,,34,,,,,,6,,,,6,,,,,,9,,,,,,,,,,,,,,,,16,,,,,,,,,,,,,,,,26,,,,,,,,,,,,
92,2020-06-03,0,0,642,0,0,0,0,0,0,7,0,0,0,7,0,0,,0,2,147,65,0,0,,,,,,,,,,,,,,,,,,,,,,,,,,,,,,,,,,,,,,,,,,,,,,,,,,,,,,,,,,7,,,,7,,,,,,,,,,,,,,,,,,,,,,,,,,,,,,,,,,,,,,,,,,,,,,,,,,
93,2020-06-04,5,0,647,127,0,0,0,0,0,8,0,0,0,8,0,0,,0,2,149,65,0,0,3,,,47,,,,,,0,,,,0,,,,,,,,,,,,,,,,,,,,,,,,,,,,,,,,,,,2,,,27,,,,,,8,,,,8,,,,,,10,,,,,,,,,,,,,,,,16,,,,,,,,,,,,,,,,27,,,,,,,,,,,,
94,2020-06-05,0,0,656,0,0,0,0,0,0,0,0,0,0,0,0,0,,0,2,151,65,0,0,,,,,,,,,,,,,,,,,,,,,,,,,,,,,,,,,,,,,,,,,,,,,,,,,,,,,,,,,,,,,,,,,,,,,,,,,,,,,,,,,,,,,,,,,,,,,,,,,,,,,,,,,,,,,,,,
95,2020-06-06,23,0,674,168,0,0,0,0,0,8,0,0,0,8,0,0,,0,2,153,65,0,0,9,,,62,,,,,,0,,,,0,,,,,,,,,,,,,,,,,,,,,,,,,,,,,,,,,,,14,,,41,,,,,,8,,,,8,,,,,,13,,,,,,,,,,,,,,,,22,,,,,,,,,,,,,,,,30,,,,,,,,,,,,
96,2020-06-07,22,1,682,189,0,0,0,0,0,8,0,0,0,8,0,0,,0,3,156,66,0,0,12,,,71,,,,,,0,,,,0,,,,,,,,,,,,,,,,,,,,,,,,,,,,,,,,,,,10,,,42,,,,,,8,,,,8,,,,,,13,,,,,,,,,,,,,,,,24,,,,,,,,,,,,,,,,39,,,,,,,,,,,,
97,2020-06-08,15,6,694,198,0,0,0,0,0,9,0,0,0,9,0,0,,0,1,157,72,0,0,8,,,73,,,,,,0,,,,0,,,,,,,,,,,,,,,,,,,,,,,,,,,,,,,,,,,7,,,49,,,,,,9,,,,9,,,,,,15,,,,,,,,,,,,,,,,24,,,,,,,,,,,,,,,,37,,,,,,,,,,,,
98,2020-06-09,21,16,720,203,0,0,0,0,0,8,0,0,0,8,0,0,,0,7,164,88,0,0,6,,,74,,,,,,0,,,,0,,,,,,,,,,,,,,,,,,,,,,,,,,,,,,,,,,,15,,,57,,,,,,8,,,,8,,,,,,15,,,,,,,,,,,,,,,,22,,,,,,,,,,,,,,,,35,,,,,,,,,,,,
99,2020-06-10,33,15,750,221,0,0,0,0,0,10,0,0,0,10,0,0,,0,5,169,103,0,0,11,,,84,,,,,,0,,,,0,,,,,,,,,,,,,,,,,,,,,,,,,,,,,,,,,,,22,,,57,,,,,,10,,,,10,,,,,,20,,,,,,,,,,,,,,,,24,,,,,,,,,,,,,,,,36,,,,,,,,,,,,
100,2020-06-11,32,21,780,232,0,0,0,0,0,10,0,0,0,10,0,0,,0,2,171,124,0,0,16,,,93,,,,,,0,,,,0,,,,,,,,,,,,,,,,,,,,,,,,,,,,,,,,,,,16,,,60,,,,,,10,,,,10,,,,,,25,,,,,,,,,,,,,,,,23,,,,,,,,,,,,,,,,31,,,,,,,,,,,,
101,2020-06-12,0,0,810,0,0,0,0,0,0,0,0,0,0,0,0,0,,0,8,179,124,0,0,,,,,,,,,,,,,,,,,,,,,,,,,,,,,,,,,,,,,,,,,,,,,,,,,,,,,,,,,,,,,,,,,,,,,,,,,,,,,,,,,,,,,,,,,,,,,,,,,,,,,,,,,,,,,,,,
102,2020-06-13,0,0,840,0,0,0,0,0,0,0,0,0,0,0,0,0,,0,9,188,124,0,0,,,,,,,,,,,,,,,,,,,,,,,,,,,,,,,,,,,,,,,,,,,,,,,,,,,,,,,,,,,,,,,,,,,,,,,,,,,,,,,,,,,,,,,,,,,,,,,,,,,,,,,,,,,,,,,,
103,2020-06-14,14,0,870,318,0,0,0,0,0,10,0,0,0,10,0,0,,0,5,193,124,0,0,0,,,95,,,,,,0,,,,0,,,,,,,,,,,,,,,,,,,,,,,,,,,,,,,,,,,14,,,113,,,,,,10,,,,10,,,,,,26,,,,,,,,,,,,,,,,18,,,,,,,,,,,,,,,,66,,,,,,,,,,,,
104,2020-06-15,30,16,900,332,0,0,0,0,0,12,0,0,12,12,0,0,,0,8,201,140,0,0,5,,,90,,,,,,0,,,,0,,,,,,,,,,,,,,,,,,,,,,,,,,,,,,,,,,,25,,,120,,,,,,12,,,,12,,,,,,27,,,,,,,,,,,,,,,,21,,,,,,,,,,,,,,,,74,,,,,,,,,,,,
105,2020-06-16,35,39,930,328,0,0,0,0,0,7,0,0,12,7,0,0,,0,9,210,179,0,0,15,,,95,,,,,,0,,,,0,,,,,,,,,,,,,,,,,,,,,,,,,,,,,,,,,,,20,,,109,,,,,,7,,,,7,,,,,,29,,,,,,,,,,,,,,,,21,,,,,,,,,,,,,,,,74,,,,,,,,,,,,
106,2020-06-17,27,18,960,337,0,0,0,0,0,7,0,0,12,7,0,0,,0,6,216,197,0,0,7,,,95,,,,,,0,,,,0,,,,,,,,,,,,,,,,,,,,,,,,,,,,,,,,,,,20,,,121,,,,,,7,,,,7,,,,,,27,,,,,,,,,,,,,,,,22,,,,,,,,,,,,,,,,72,,,,,,,,,,,,
107,2020-06-18,29,20,990,346,0,0,0,0,0,7,0,0,12,7,0,0,,0,6,222,217,0,0,13,,,99,,,,,,0,,,,0,,,,,,,,,,,,,,,,,,,,,,,,,,,,,,,,,,,16,,,126,,,,,,7,,,,7,,,,,,30,,,,,,,,,,,,,,,,19,,,,,,,,,,,,,,,,72,,,,,,,,,,,,
108,2020-06-19,29,11,1020,364,0,0,0,0,0,5,0,0,12,5,0,0,,0,12,234,228,0,0,9,,,101,,,,,,0,,,,0,,,,,,,,,,,,,,,,,,,,,,,,,,,,,,,,,,,20,,,133,,,,,,5,,,,5,,,,,,35,,,,,,,,,,,,,,,,19,,,,,,,,,,,,,,,,76,,,,,,,,,,,,
109,2020-06-20,14,16,1052,362,0,0,0,0,0,7,0,0,14,7,0,0,,0,5,238,244,0,0,5,,,95,,,,,,0,,,,0,,,,,,,,,,,,,,,,,,,,,,,,,,,,,,,,,,,9,,,133,,,,,,7,,,,7,,,,,,35,,,,,,,,,,,,,,,,18,,,,,,,,,,,,,,,,81,,,,,,,,,,,,
110,2020-06-21,25,8,1091,379,0,0,0,0,0,6,0,0,14,6,0,0,,0,9,247,252,0,0,13,,,106,,,,,,0,,,,0,,,,,,11,,,,,,,,,,,,,,,,1,,,,,,,,,,,,,12,,,132,,,,,,6,,,,6,,,,,,33,,,,,,,,,,,,,,,,20,,,,,,,,,,,,,,,,76,,,,,,,,,,,,
111,2020-06-22,22,13,1126,388,0,0,0,0,0,7,0,0,15,7,0,0,,0,4,251,265,0,0,9,,,109,,,,,,0,,,,0,,,,,,13,,,,,,,,,,,,,,,,3,,,,,,,,,,,,,13,,,127,,,,,,7,,,,7,,,,,,31,,,,,,,,,,,,,,,,20,,,,,,,,,,,,,,,,85,,,,,,,,,,,,
112,2020-06-23,21,50,1160,359,0,0,0,0,0,5,0,0,15,5,0,0,,0,8,259,315,0,0,4,,,93,,,,,,0,,,,0,,,,,,,,,,,,,,,,,,,,,,12,,,,,,,,,,,,,17,,,124,,,,,,5,,,,5,,,,,,32,,,,,,,,,,,,,,,,23,,,,,,,,,,,,,,,,75,,,,,,,,,,,,
113,2020-06-24,20,0,1199,393,0,0,0,0,0,7,0,0,17,7,0,0,,0,6,265,315,0,0,6,,,98,,,,,,0,,,,0,,,,,,,,,,,,,,,,,,,,,,13,,,,,,,,,,,,,14,,,135,,,,,,7,,,,7,,,,,,44,,,,,,,,,,,,,,,,22,,,,,,,,,,,,,,,,81,,,,,,,,,,,,
114,2020-06-25,18,0,1243,425,0,0,0,0,0,7,0,0,17,7,0,0,,0,3,268,315,0,0,2,,,94,,,,,,0,,,,0,,,,,,,,,,,,,,,,,,,,,,20,,,,,,,,,,,,,16,,,144,,,,,,7,,,,7,,,,,,45,,,,,,,,,,,,,,,,28,,,,,,,,,,,,,,,,94,,,,,,,,,,,,
115,2020-06-26,25,47,1271,403,0,0,0,0,0,9,0,0,19,9,0,0,,0,9,277,362,0,0,16,,,100,,,,,,,,,,,,,,,,,,,,,,,,,,,,,,,,21,,,,,,,,,,,,,9,,,133,,,,,,9,,,,9,,,,,,44,,,,,,,,,,,,,,,,30,,,,,,,,,,,,,,,,75,,,,,,,,,,,,
116,2020-06-27,12,22,1288,393,0,0,0,0,0,9,0,0,19,9,0,0,,0,9,286,384,0,0,4,,,98,,,,,,0,,,,0,,,,,,,,,,,,,,,,,,,,,,19,,,,,,,,,,,,,8,,,129,,,,,,9,,,,9,,,,,,39,,,,,,,,,,,,,,,,28,,,,,,,,,,,,,,,,80,,,,,,,,,,,,
117,2020-06-28,18,6,1319,405,0,0,0,0,0,11,0,0,21,11,0,0,,0,12,298,390,0,0,4,,,92,,,,,,0,,,,0,,,,,,,,,,,,,,,,,,,,,,26,,,,,,,,,,,,,14,,,136,,,,,,11,,,,11,,,,,,41,,,,,,,,,,,,,,,,32,,,,,,,,,,,,,,,,78,,,,,,,,,,,,
118,2020-06-29,26,17,1354,414,0,0,0,0,0,11,0,0,21,11,0,0,,0,4,302,407,0,0,8,,,92,,,,,,0,,,,0,,,,,,,,,,,,,,,,,,,,,,30,,,,,,,,,,,,,18,,,140,,,,,,11,,,,11,,,,,,45,,,,,,,,,,,,,,,,33,,,,,,,,,,,,,,,,74,,,,,,,,,,,,
119,2020-06-30,14,17,1382,411,0,0,0,0,0,10,0,0,21,10,0,0,,0,4,306,424,0,0,6,,,91,,,,,,0,,,,0,,,,,,,,,,,,,,,,,,,,,,31,,,,,,,,,,,,,8,,,131,,,,,,10,,,,10,,,,,,38,,,,,,,,,,,,,,,,35,,,,,,,,,,,,,,,,85,,,,,,,,,,,,
120,2020-07-01,13,17,1400,407,0,0,0,0,0,8,0,0,21,8,0,0,,0,15,321,441,0,0,6,,,90,,,,,,0,,,,0,,,,,,,,,,,,,,,,,,,,,,32,,,,,,,,,,,,,7,,,123,,,,,,8,,,,8,,,,,,39,,,,,,,,,,,,,,,,36,,,,,,,,,,,,,,,,87,,,,,,,,,,,,
121,2020-07-02,21,6,1432,422,0,0,0,0,0,9,0,0,22,9,0,0,,0,7,328,447,0,0,3,,,89,,,,,,0,,,,0,,,,,,,,,,,,,,,,,,,,,,35,,,,,,,,,,,,,18,,,130,,,,,,9,,,,9,,,,,,37,,,,,,,,,,,,,,,,40,,,,,,,,,,,,,,,,91,,,,,,,,,,,,
122,2020-07-03,22,25,1467,419,0,0,0,0,0,6,0,0,22,6,0,0,,0,6,334,472,0,0,6,,,84,,,,,,0,,,,0,,,,,,,,,,,,,,,,,,,,,,42,,,,,,,,,,,,,16,,,120,,,,,,6,,,,6,,,,,,36,,,,,,,,,,,,,,,,42,,,,,,,,,,,,,,,,95,,,,,,,,,,,,
123,2020-07-04,18,14,1493,423,0,0,0,0,0,5,0,0,22,5,0,0,,0,7,341,486,0,0,6,,,88,,,,,,0,,,,0,,,,,,,,,,,,,,,,,,,,,,34,,,,,,,,,,,,,12,,,123,,,,,,5,,,,5,,,,,,41,,,,,,,,,,,,,,,,45,,,,,,,,,,,,,,,,92,,,,,,,,,,,,
124,2020-07-05,11,13,1506,421,0,0,0,0,0,3,0,0,22,3,0,0,,0,5,346,499,0,0,5,,,90,,,,,,0,,,,0,,,,,,,,,,,,,,,,,,,,,,33,,,,,,,,,,,,,6,,,122,,,,,,3,,,,3,,,,,,37,,,,,,,,,,,,,,,,45,,,,,,,,,,,,,,,,94,,,,,,,,,,,,
125,2020-07-06,20,17,1527,424,0,0,0,0,0,3,0,0,22,3,0,0,,0,5,351,516,0,0,7,,,87,,,,,,0,,,,0,,,,,,,,,,,,,,,,,,,,,,32,,,,,,,,,,,,,13,,,115,,,,,,3,,,,3,,,,,,41,,,,,,,,,,,,,,,,47,,,,,,,,,,,,,,,,102,,,,,,,,,,,,
126,2020-07-07,14,28,1548,410,0,0,0,0,0,3,0,0,22,3,0,0,,0,8,359,544,0,0,6,,,89,,,,,,0,,,,0,,,,,,,,,,,,,,,,,,,,,,25,,,,,,,,,,,,,8,,,97,,,,,,3,,,,3,,,,,,45,,,,,,,,,,,,,,,,48,,,,,,,,,,,,,,,,106,,,,,,,,,,,,
127,2020-07-08,25,23,1569,412,0,0,0,0,0,4,0,0,23,4,0,0,,0,3,362,567,0,0,9,,,92,,,,,,0,,,,0,,,,,,,,,,,,,,,,,,,,,,25,,,,,,,,,,,,,16,,,94,,,,,,4,,,,4,,,,,,44,,,,,,,,,,,,,,,,47,,,,,,,,,,,,,,,,110,,,,,,,,,,,,
128,2020-07-09,16,19,1590,409,0,0,0,0,0,4,0,0,23,4,0,0,,0,6,368,586,0,0,5,,,92,,,,,,0,,,,0,,,,,,,,,,,,,,,,,,,,,,22,,,,,,,,,,,,,11,,,96,,,,,,4,,,,4,,,,,,41,,,,,,,,,,,,,,,,46,,,,,,,,,,,,,,,,112,,,,,,,,,,,,
129,2020-07-10,20,18,1612,411,0,0,0,0,0,2,0,0,23,2,0,0,,0,8,376,604,0,0,6,,,87,,,,,,0,,,,0,,,,,,,,,,,,,,,,,,,,,,28,,,,,,,,,,,,,14,,,96,,,,,,2,,,,2,,,,,,39,,,,,,,,,,,,,,,,50,,,,,,,,,,,,,,,,111,,,,,,,,,,,,
130,2020-07-11,11,18,1634,404,0,0,0,0,0,4,0,0,25,4,0,0,,0,6,382,622,0,0,4,,,87,,,,,,0,,,,0,,,,,,,,,,,,,,,,,,,,,,28,,,,,,,,,,,,,7,,,95,,,,,,4,,,,4,,,,,,27,,,,,,,,,,,,,,,,53,,,,,,,,,,,,,,,,114,,,,,,,,,,,,
131,2020-07-12,13,16,1656,401,0,0,0,0,0,4,0,0,25,4,0,0,,0,3,385,638,0,0,5,,,92,,,,,,0,,,,0,,,,,,,,,,,,,,,,,,,,,,29,,,,,,,,,,,,,8,,,88,,,,,,4,,,,4,,,,,,28,,,,,,,,,,,,,,,,54,,,,,,,,,,,,,,,,110,,,,,,,,,,,,
132,2020-07-13,11,0,1684,412,0,0,0,0,0,5,0,0,26,5,0,0,,0,4,389,638,0,0,4,,,88,,,,,,0,,,,0,,,,,,,,,,,,,,,,,,,,,,31,,,,,,,,,,,,,4,,,83,,,,,,5,,,,5,,,,,,29,,,,,,,,,,,,,,,,54,,,,,,,,,,,,,,,,127,,,,,,,,,,,,
133,2020-07-14,23,24,1707,411,0,0,0,0,0,7,0,0,28,7,0,0,,0,4,393,662,0,0,8,,,86,,,,,,0,,,,0,,,,,,,,,,,,,,,,,,,,,,30,,,,,,,,,,,,,15,,,90,,,,,,7,,,,7,,,,,,29,,,,,,,,,,,,,,,,53,,,,,,,,,,,,,,,,123,,,,,,,,,,,,
134,2020-07-15,16,0,1732,427,0,0,0,0,0,6,0,0,28,6,0,0,,0,8,401,662,0,0,3,,,85,,,,,,0,,,,0,,,,,,,,,,,,,,,,,,,,,,28,,,,,,,,,,,,,7,,,94,,,,,,6,,,,6,,,,,,31,,,,,,,,,,,,,,,,56,,,,,,,,,,,,,,,,133,,,,,,,,,,,,
135,2020-07-16,16,16,1754,427,0,0,0,0,0,6,0,0,28,6,0,0,,0,5,406,678,0,0,6,,,87,,,,,,0,,,,0,,,,,,,,,,,,,,,,,,,,,,30,,,,,,,,,,,,,10,,,91,,,,,,6,,,,6,,,,,,35,,,,,,,,,,,,,,,,53,,,,,,,,,,,,,,,,131,,,,,,,,,,,,
136,2020-07-17,29,37,1783,419,8,0,0,0,0,5,0,0,28,5,0,0,,0,8,414,715,0,0,17,8,,93,3,,,,,0,,,,0,,,,,,,,,,,,,,,,,,,,,,22,,,,,,,,,,,,,12,12,,87,4,,,,,5,,,,5,,,,,,35,,,,,,,,,,,,,,,,51,,,,,,,,,,,,,,,,131,1,,,,,,,,,,,
137,2020-07-18,14,8,1798,425,8,0,0,0,0,3,0,0,28,3,0,0,,0,8,422,723,0,0,3,0,,94,2,,,,,0,,,,0,,,,,,,,,,,,,,,,,,,,,,22,,,,,,,,,,,,,11,0,,94,5,,,,,3,,,,3,,,,,,35,,,,,,,,,,,,,,,,52,,,,,,,,,,,,,,,,128,1,,,,,,,,,,,
138,2020-07-19,10,7,1817,428,10,0,0,0,0,3,0,0,28,3,0,0,,0,10,432,730,0,0,5,7,,91,1,,,,,0,,,,0,,,,,,,,,,,,,,,,,,,,,,25,,,,,,,,,,,,,5,3,,92,4,,,,,3,,,,3,,,,,,36,1,,,,,,,,,,,,,,,51,,,,,,,,,,,,,,,,133,1,,,,,,,,,,,
139,2020-07-20,16,18,1837,426,0,0,0,0,0,7,0,0,32,7,0,0,,0,0,432,748,0,0,6,11,,86,0,,,,,0,,,,0,,,,,,,,,,,,,,,,,,,,,,28,,,,,,,,,,,,,10,10,,92,0,,,,,7,,,,7,,,,,,37,0,,,,,,,,,,,,,,,51,,,,,,,,,,,,,,,,132,0,,,,,,,,,,,
140,2020-07-21,14,39,1851,401,10,0,0,0,0,6,0,0,32,6,0,0,,0,10,442,787,0,0,3,8,,80,1,,,,,0,,,,0,,,,,,,,,,,,,,,,,,,,,,26,1,,,,,,,,,,,,11,7,,91,5,,,,,6,,,,6,,,,,,33,0,,,,,,,,,,,,,,,46,0,,,,,,,,,,,,,,,125,2,,,,,,,,,,,
141,2020-07-22,13,18,1864,396,3,0,0,0,0,5,0,0,32,5,0,0,,0,3,445,805,0,0,6,6,,78,2,,,,,0,,,,0,,,,,,,,,,,,,,,,,,,,,,23,0,,,,,,,,,,,,7,0,,101,0,,,,,5,,,,5,,,,,,33,0,,,,,,,,,,,,,,,45,0,,,,,,,,,,,,,,,116,1,,,,,,,,,,,
142,2020-07-23,16,25,1882,387,6,0,0,0,0,4,0,0,32,4,0,0,,0,6,451,830,0,0,6,1,,82,1,,,,,0,,,,0,,,,,,,,,,,,,,,,,,,,,,17,0,,,,,,,,,,,,10,14,,94,3,,,,,4,,,,4,,,,,,35,0,,,,,,,,,,,,,,,44,0,,,,,,,,,,,,,,,115,1,,,,,,,,,,,
143,2020-07-24,17,5,1914,399,9,0,0,0,0,3,0,0,32,3,0,0,,0,9,460,835,0,0,6,13,,75,0,,,,,0,,,,0,,,,,,,,,,,,,,,,,,,,,,16,0,,,,,,,,,,,,11,6,,99,0,,,,,3,,,,3,,,,,,42,0,,,,,,,,,,,,,,,46,0,,,,,,,,,,,,,,,121,0,,,,,,,,,,,
144,2020-07-25,19,0,1945,418,0,0,0,0,0,3,0,0,32,3,0,0,,0,0,460,835,0,0,8,0,,83,0,,,,,0,,,,0,,,,,,,,,,,,,,,,,,,,,,23,0,,,,,,,,,,,,11,10,,100,0,,,,,3,,,,3,,,,,,40,0,,,,,,,,,,,,,,,46,0,,,,,,,,,,,,,,,126,0,,,,,,,,,,,
145,2020-07-26,14,4,2103,428,6,0,0,0,0,5,0,0,34,5,0,0,,0,6,466,839,0,0,4,2,,85,,,,,,0,,,,0,,,,,,,,,,,,,,,,,,,,,,25,,,,,,,,,,,,,10,4,,106,,,,,,5,,,,5,,,,,,38,,,,,,,,,,,,,,,,49,,,,,,,,,,,,,,,,125,,,,,,,,,,,,
146,2020-07-27,21,21,2129,428,5,0,0,0,0,5,0,0,34,5,0,0,,0,5,471,860,0,0,9,7,,87,,,,,,0,,,,0,,,,,,,,,,,,,,,,,,,,,,18,,,,,,,,,,,,,12,12,,106,,,,,,5,,,,5,,,,,,38,,,,,,,,,,,,,,,,49,,,,,,,,,,,,,,,,130,,,,,,,,,,,,
147,2020-07-28,16,39,2145,405,5,0,0,0,0,5,0,0,34,5,0,0,,0,5,476,899,0,0,9,10,,86,,,,,,0,,,,0,,,,,,,,,,,,,,,,,,,,,,18,,,,,,,,,,,,,7,15,,98,,,,,,5,,,,5,,,,,,37,,,,,,,,,,,,,,,,49,,,,,,,,,,,,,,,,117,,,,,,,,,,,,
148,2020-07-29,13,31,2159,387,4,0,0,0,0,5,0,0,34,5,0,0,,0,4,480,930,0,0,3,8,,81,,,,,,0,,,,0,,,,,,,,,,,,,,,,,,,,,,12,,,,,,,,,,,,,10,8,,100,,,,,,5,,,,5,,,,,,32,,,,,,,,,,,,,,,,44,,,,,,,,,,,,,,,,118,,,,,,,,,,,,
149,2020-07-30,25,25,2190,387,6,0,0,0,0,3,0,0,34,3,0,0,,0,6,486,955,0,0,10,7,,84,,,,,,0,,,,0,,,,,,,,,,,,,,,,,,,,,,18,,,,,,,,,,,,,15,15,,100,,,,,,3,,,,3,,,,,,31,,,,,,,,,,,,,,,,41,,,,,,,,,,,,,,,,113,,,,,,,,,,,,
150,2020-07-31,13,19,2210,381,7,0,0,0,0,5,0,0,36,5,0,0,,0,7,493,974,0,0,7,2,,89,,,,,,1,,,,1,,,,,,,,,,,,,,,,,,,,,,14,,,,,,,,,,,,,6,19,,87,,,,,,4,,,,4,,,,,,30,,,,,,,,,,,,,,,,41,,,,,,,,,,,,,,,,120,,,,,,,,,,,,
151,2020-08-01,13,9,2227,385,4,0,0,0,0,6,0,0,37,6,0,0,,0,4,497,983,0,0,6,5,,90,,,,,,1,,,,1,,,,,,,,,,,,,,,,,,,,,,18,,,,,,,,,,,,,7,0,,96,,,,,,5,,,,5,,,,,,28,,,,,,,,,,,,,,,,37,,,,,,,,,,,,,,,,116,,,,,,,,,,,,
152,2020-08-02,12,0,2285,397,3,0,0,0,0,5,0,0,37,5,0,0,,0,3,500,983,0,0,4,2,,92,,,,,,1,,,,1,,,,,,,,,,,,,,,,,,,,,,20,,,,,,,,,,,,,7,8,,95,,,,,,4,,,,4,,,,,,26,,,,,,,,,,,,,,,,50,,,,,,,,,,,,,,,,114,,,,,,,,,,,,
153,2020-08-03,13,25,2298,385,5,0,0,0,0,4,0,0,37,4,0,0,,0,5,505,1008,0,0,8,8,,92,,,,,,1,,,,1,,,,,,,,,,,,,,,,,,,,,,19,,,,,,,,,,,,,5,11,,89,,,,,,3,,,,3,,,,,,27,,,,,,,,,,,,,,,,45,,,,,,,,,,,,,,,,113,,,,,,,,,,,,
154,2020-08-04,12,14,2311,383,6,0,0,0,0,5,0,0,38,5,0,0,,0,6,511,1022,0,0,6,10,,88,,,,,,1,,,,1,,,,,,,,,,,,,,,,,,,,,,18,,,,,,,,,,,,,6,16,,79,,,,,,4,,,,4,,,,,,29,,,,,,,,,,,,,,,,45,,,,,,,,,,,,,,,,124,,,,,,,,,,,,
155,2020-08-05,16,19,2323,380,6,0,0,0,0,4,0,0,38,4,0,0,,0,6,517,1041,0,0,6,11,,83,,,,,,1,,,,1,,,,,,,,,,,,,,,,,,,,,,21,,,,,,,,,,,,,10,11,,78,,,,,,3,,,,3,,,,,,30,,,,,,,,,,,,,,,,48,,,,,,,,,,,,,,,,120,,,,,,,,,,,,
156,2020-08-06,12,24,2335,368,2,0,0,0,0,3,0,0,38,3,0,0,,0,2,519,1065,0,0,3,6,,80,,,,,,0,,,,0,,,,,,,,,,,,,,,,,,,,,,26,,,,,,,,,,,,,9,11,,76,,,,,,3,,,,3,,,,,,28,,,,,,,,,,,,,,,,43,,,,,,,,,,,,,,,,115,,,,,,,,,,,,
157,2020-08-07,13,9,2347,372,4,0,0,0,0,5,0,0,40,5,0,0,,0,4,523,1074,0,0,4,4,,80,,,,,,0,,,,0,,,,,,,,,,,,,,,,,,,,,,21,,,,,,,,,,,,,9,11,,74,,,,,,5,,,,5,,,,,,28,,,,,,,,,,,,,,,,46,,,,,,,,,,,,,,,,123,,,,,,,,,,,,
158,2020-08-08,8,0,2361,380,4,0,0,0,0,6,0,0,41,6,0,0,,0,4,527,1074,0,0,3,4,,79,,,,,,0,,,,0,,,,,,,,,,,,,,,,,,,,,,24,,,,,,,,,,,,,5,3,,76,,,,,,6,,,,6,,,,,,28,,,,,,,,,,,,,,,,50,,,,,,,,,,,,,,,,123,,,,,,,,,,,,
159,2020-08-09,11,5,2374,386,1,0,0,0,0,6,0,0,41,6,0,0,,0,1,528,1079,0,0,5,7,,77,,,,,,0,,,,0,,,,,,,,,,,,,,,,,,,,,,25,,,,,,,,,,,,,6,3,,79,,,,,,6,,,,6,,,,,,31,,,,,,,,,,,,,,,,52,,,,,,,,,,,,,,,,122,,,,,,,,,,,,
160,2020-08-10,17,14,2396,389,1,0,0,0,0,6,0,0,41,6,0,0,,0,1,529,1093,0,0,5,4,,78,,,,,,0,,,,0,,,,,,,,,,,,,,,,,,,,,,18,,,,,,,,,,,,,12,5,,86,,,,,,6,,,,6,,,,,,31,,,,,,,,,,,,,,,,49,,,,,,,,,,,,,,,,127,,,,,,,,,,,,
161,2020-08-11,16,9,2434,396,1,0,0,0,0,6,0,0,41,6,0,0,,0,1,530,1102,0,0,9,11,,76,,,,,,0,,,,0,,,,,,,,,,,,,,,,,,,,,,25,,,,,,,,,,,,,7,20,,73,,,,,,6,,,,6,,,,,,36,,,,,,,,,,,,,,,,49,,,,,,,,,,,,,,,,137,,,,,,,,,,,,
162,2020-08-12,19,48,2453,367,2,0,0,0,0,6,0,0,41,6,0,0,,0,2,532,1150,0,0,8,8,,76,,,,,,0,,,,0,,,,,,,,,,,,,,,,,,,,,,21,,,,,,,,,,,,,11,15,,69,,,,,,6,,,,6,,,,,,23,,,,,,,,,,,,,,,,45,,,,,,,,,,,,,,,,133,,,,,,,,,,,,
163,2020-08-13,28,41,2485,354,3,0,0,0,0,5,0,0,41,5,0,0,,0,3,535,1191,0,0,13,6,,83,,,,,,0,,,,0,,,,,,,,,,,,,,,,,,,,,,22,,,,,,,,,,,,,15,12,,72,,,,,,5,,,,5,,,,,,26,,,,,,,,,,,,,,,,45,,,,,,,,,,,,,,,,106,,,,,,,,,,,,
164,2020-08-14,18,18,2516,354,4,0,0,0,0,4,0,0,41,4,0,0,,0,4,539,1209,0,0,5,10,,78,,,,,,0,,,,0,,,,,,,,,,,,,,,,,,,,,,23,,,,,,,,,,,,,13,10,,75,,,,,,4,,,,4,,,,,,17,,,,,,,,,,,,,,,,43,,,,,,,,,,,,,,,,118,,,,,,,,,,,,
165,2020-08-15,13,8,2534,359,5,0,0,0,0,3,0,0,41,3,0,0,,0,5,544,1217,0,0,6,4,,80,,,,,,0,,,,0,,,,,,,,,,,,,,,,,,,,,,27,,,,,,,,,,,,,7,4,,78,,,,,,3,,,,3,,,,,,18,,,,,,,,,,,,,,,,40,,,,,,,,,,,,,,,,116,,,,,,,,,,,,
166,2020-08-16,13,0,2485,372,3,0,0,0,0,3,0,0,41,3,0,0,,0,3,547,1217,0,0,3,1,,82,,,,,,0,,,,0,,,,,,,,,,,,,,,,,,,,,,26,,,,,,,,,,,,,8,3,,83,,,,,,3,,,,3,,,,,,18,,,,,,,,,,,,,,,,41,,,,,,,,,,,,,,,,122,,,,,,,,,,,,
167,2020-08-17,7,20,2496,359,2,0,0,0,0,3,0,0,41,3,0,0,,0,2,549,1237,0,0,2,8,,76,,,,,,0,,,,0,,,,,,,,,,,,,,,,,,,,,,27,,,,,,,,,,,,,5,14,,74,,,,,,3,,,,3,,,,,,21,,,,,,,,,,,,,,,,41,,,,,,,,,,,,,,,,120,,,,,,,,,,,,
168,2020-08-18,14,20,2513,353,2,0,0,0,0,3,0,0,41,3,0,0,,0,2,551,1257,0,0,6,6,,76,,,,,,0,,,,0,,,,,,,,,,,,,,,,,,,,,,29,,,,,,,,,,,,,8,9,,73,,,,,,3,,,,3,,,,,,20,,,,,,,,,,,,,,,,42,,,,,,,,,,,,,,,,113,,,,,,,,,,,,
169,2020-08-19,13,10,2532,356,3,0,0,0,0,4,0,0,42,4,0,0,,0,3,554,1267,0,0,3,3,,76,,,,,,0,,,,0,,,,,,,,,,,,,,,,,,,,,,30,,,,,,,,,,,,,10,8,,75,,,,,,4,,,,4,,,,,,20,,,,,,,,,,,,,,,,37,,,,,,,,,,,,,,,,118,,,,,,,,,,,,
170,2020-08-20,10,18,2547,348,3,0,0,0,0,4,0,0,42,4,0,0,,0,3,557,1285,0,0,5,4,,77,,,,,,0,,,,0,,,,,,,,,,,,,,,,,,,,,,25,,,,,,,,,,,,,5,11,,69,,,,,,4,,,,4,,,,,,19,,,,,,,,,,,,,,,,35,,,,,,,,,,,,,,,,123,,,,,,,,,,,,
171,2020-08-21,17,74,2564,291,6,0,0,0,0,5,0,0,43,5,0,0,,0,6,563,1359,0,0,6,16,,67,,,,,,0,,,,0,,,,,,,,,,,,,,,,,,,,,,22,,,,,,,,,,,,,11,15,,65,,,,,,5,,,,5,,,,,,11,,,,,,,,,,,,,,,,33,,,,,,,,,,,,,,,,93,,,,,,,,,,,,
172,2020-08-22,31,0,2598,322,1,0,0,0,0,5,0,0,43,5,0,0,,0,1,564,1359,0,0,4,1,,70,,,,,,0,,,,0,,,,,,,,,,,,,,,,,,,,,,20,,,,,,,,,,,,,3,0,,68,,,,,,5,,,,5,,,,,,13,,,,,,,,,,,,,,,,37,,,,,,,,,,,,,,,,114,,,,,,,,,,,,
173,2020-08-23,11,14,0,319,4,0,0,0,0,7,0,0,45,7,0,0,,0,4,568,1373,0,0,8,4,,74,,,,,,0,,,,0,,,,,,,,,,,,,,,,,,,,,,26,,,,,,,,,,,,,3,8,,63,,,,,,7,,,,7,,,,,,14,,,,,,,,,,,,,,,,39,,,,,,,,,,,,,,,,103,,,,,,,,,,,,
174,2020-08-24,20,0,0,339,5,0,0,0,0,9,0,0,47,9,0,0,,0,5,573,1373,0,0,14,0,,91,,,,,,0,,,,0,,,,,,,,,,,,,,,,,,,,,,24,,,,,,,,,,,,,2,11,,54,,,,,,9,,,,9,,,,,,15,,,,,,,,,,,,,,,,45,,,,,,,,,,,,,,,,110,,,,,,,,,,,,
175,2020-08-25,8,24,0,323,5,0,0,0,0,5,0,0,47,5,0,0,,0,5,578,1397,0,0,3,11,,83,,,,,,0,,,,0,,,,,,,,,,,,,,,,,,,,,,27,,,,,,,,,,,,,5,11,,48,,,,,,5,,,,5,,,,,,14,,,,,,,,,,,,,,,,46,,,,,,,,,,,,,,,,105,,,,,,,,,,,,
176,2020-08-26,12,24,0,311,7,0,0,0,0,5,0,0,47,5,0,0,,0,7,585,1421,0,0,8,11,,80,,,,,,0,,,,0,,,,,,,,,,,,,,,,,,,,,,27,,,,,,,,,,,,,4,15,,37,,,,,,5,,,,5,,,,,,15,,,,,,,,,,,,,,,,45,,,,,,,,,,,,,,,,107,,,,,,,,,,,,
177,2020-08-27,11,16,0,306,5,0,0,0,0,3,0,0,47,3,0,0,,0,5,590,1437,0,0,6,15,,71,,,,,,0,,,,0,,,,,,,,,,,,,,,,,,,,,,27,,,,,,,,,,,,,5,3,,39,,,,,,3,,,,3,,,,,,12,,,,,,,,,,,,,,,,49,,,,,,,,,,,,,,,,108,,,,,,,,,,,,
178,2020-08-28,5,5,0,306,6,0,0,0,0,3,0,0,47,3,0,0,,0,6,596,1442,0,0,1,0,,73,,,,,,0,,,,0,,,,,,,,,,,,,,,,,,,,,,27,,,,,,,,,,,,,4,3,,40,,,,,,3,,,,3,,,,,,10,,,,,,,,,,,,,,,,45,,,,,,,,,,,,,,,,111,,,,,,,,,,,,
179,2020-08-29,24,0,0,330,4,0,0,0,0,1,0,0,47,1,0,0,,0,4,600,1442,0,0,7,3,,77,,,,,,0,,,,0,,,,,,,,,,,,,,,,,,,,,,25,,,,,,,,,,,,,2,4,,38,,,,,,1,,,,1,,,,,,11,,,,,,,,,,,,,,,,63,,,,,,,,,,,,,,,,116,,,,,,,,,,,,
180,2020-08-30,6,17,0,319,3,0,0,0,0,1,0,0,47,1,0,0,,0,3,603,1459,0,0,3,5,,75,,,,,,0,,,,0,,,,,,,,,,,,,,,,,,,,,,24,,,,,,,,,,,,,3,2,,39,,,,,,1,,,,1,,,,,,14,,,,,,,,,,,,,,,,53,,,,,,,,,,,,,,,,114,,,,,,,,,,,,
181,2020-08-31,9,18,0,310,1,0,0,0,0,2,0,0,48,2,0,0,,0,1,604,1477,0,0,5,6,,74,,,,,,0,,,,0,,,,,,,,,,,,,,,,,,,,,,26,,,,,,,,,,,,,4,19,,24,,,,,,2,,,,2,,,,,,14,,,,,,,,,,,,,,,,57,,,,,,,,,,,,,,,,115,,,,,,,,,,,,
182,2020-09-01,10,19,0,301,2,0,0,0,0,1,0,0,48,1,0,0,,0,2,606,1496,0,0,6,3,,77,,,,,,0,,,,0,,,,,,,,,,,,,,,,,,,,,,24,,,,,,,,,,,,,4,0,,29,,,,,,1,,,,1,,,,,,11,,,,,,,,,,,,,,,,50,,,,,,,,,,,,,,,,110,,,,,,,,,,,,
183,2020-09-02,14,22,0,293,0,0,0,0,0,2,0,0,49,2,0,0,,0,0,606,1518,0,0,9,7,,79,,,,,,0,,,,0,,,,,,,,,,,,,,,,,,,,,,23,,,,,,,,,,,,,5,12,,22,,,,,,2,,,,2,,,,,,14,,,,,,,,,,,,,,,,48,,,,,,,,,,,,,,,,107,,,,,,,,,,,,
184,2020-09-03,14,12,0,295,3,0,0,0,0,0,0,0,49,0,0,0,,0,3,609,1530,0,0,8,8,,79,,,,,,0,,,,0,,,,,,,,,,,,,,,,,,,,,,19,,,,,,,,,,,,,6,7,,21,,,,,,0,,,,0,,,,,,12,,,,,,,,,,,,,,,,48,,,,,,,,,,,,,,,,116,,,,,,,,,,,,
185,2020-09-04,15,10,0,300,5,0,0,0,0,2,0,0,51,2,0,0,,0,5,614,1540,0,0,11,1,,89,,,,,,0,,,,0,,,,,,,,,,,,,,,,,,,,,,12,,,,,,,,,,,,,4,1,,24,,,,,,2,,,,2,,,,,,12,,,,,,,,,,,,,,,,49,,,,,,,,,,,,,,,,114,,,,,,,,,,,,
185,2020-09-05,9,8,0,301,3,0,0,0,0,2,0,0,51,2,0,0,,0,3,617,1548,0,0,8,10,,87,,,,,,0,,,,0,,,,,,,,,,,,,,,,,,,,,,12,,,,,,,,,,,,,1,4,,21,,,,,,2,,,,2,,,,,,11,,,,,,,,,,,,,,,,46,,,,,,,,,,,,,,,,124,,,,,,,,,,,,
186,2020-09-06,13,0,0,314,6,0,0,0,0,7,0,0,56,7,0,0,,0,6,623,1548,0,0,3,12,,78,,,,,,0,,,,0,,,,,,,,,,,,,,,,,,,,,,15,,,,,,,,,,,,,6,0,,27,,,,,,7,,,,7,,,,,,14,,,,,,,,,,,,,,,,54,,,,,,,,,,,,,,,,126,,,,,,,,,,,,
186,2020-09-07,12,16,0,310,8,0,0,0,0,7,0,0,56,7,0,0,,0,8,631,1564,0,0,8,5,,81,,,,,,0,,,,0,,,,,,,,,,,,,,,,,,,,,,12,,,,,,,,,,,,,4,5,,26,,,,,,7,,,,7,,,,,,14,,,,,,,,,,,,,,,,55,,,,,,,,,,,,,,,,122,,,,,,,,,,,,
186,2020-09-08,13,6,0,317,3,0,0,0,0,4,0,0,56,4,0,0,,0,3,634,1570,0,0,7,1,,87,,,,,,0,,,,0,,,,,,,,,,,,,,,,,,,,,,12,,,,,,,,,,,,,6,6,,26,,,,,,4,,,,4,,,,,,14,,,,,,,,,,,,,,,,57,,,,,,,,,,,,,,,,121,,,,,,,,,,,,
